{"cameraMode":{"drawMode":0,"name":"Shaded","section":"Shading Mode"},"sceneLighting":true,"audioPlay":false,"sceneViewState":{"showFog":true,"showMaterialUpdate":false,"showSkybox":true,"showFlares":true,"showImageEffects":true,"showParticleSystems":true},"in2DMode":false,"pivot":{"x":10.028883934020996,"y":5.0193376541137699,"z":1.9054312705993653},"rotation":{"x":0.37955597043037417,"y":-0.40115344524383547,"z":0.1874362826347351,"w":0.8123305439949036},"size":27.41600227355957,"orthographic":true}