{"cameraMode":{"drawMode":0,"name":"Shaded","section":"Shading Mode"},"sceneLighting":true,"audioPlay":false,"sceneViewState":{"showFog":true,"showMaterialUpdate":true,"showSkybox":true,"showFlares":true,"showImageEffects":true,"showParticleSystems":true},"in2DMode":false,"pivot":{"x":-0.4347482919692993,"y":2.9620137214660646,"z":2.602263927459717},"rotation":{"x":-0.013607855886220932,"y":0.8993602991104126,"z":-0.4361034035682678,"w":-0.02807503752410412},"size":8.918709754943848,"orthographic":true}