{"cameraMode":{"drawMode":0,"name":"Shaded","section":"Shading Mode"},"sceneLighting":true,"audioPlay":false,"sceneViewState":{"showFog":true,"showMaterialUpdate":true,"showSkybox":true,"showFlares":true,"showImageEffects":true,"showParticleSystems":true},"in2DMode":false,"pivot":{"x":262.4949035644531,"y":576.988525390625,"z":24.970006942749025},"rotation":{"x":0.0587916262447834,"y":0.09568529576063156,"z":-0.005661564413458109,"w":0.9936583042144775},"size":435.54827880859377,"orthographic":true}