{"cameraMode":{"drawMode":0,"name":"Shaded","section":"Shading Mode"},"sceneLighting":true,"audioPlay":false,"sceneViewState":{"showFog":true,"showMaterialUpdate":true,"showSkybox":true,"showFlares":true,"showImageEffects":true,"showParticleSystems":true},"in2DMode":false,"pivot":{"x":-121.1051254272461,"y":-48.48710632324219,"z":-5.964111328125},"rotation":{"x":0.01159652415663004,"y":-0.7112399339675903,"z":0.01173652894794941,"w":0.7027558088302612},"size":307.3363342285156,"orthographic":true}