{"cameraMode":{"drawMode":0,"name":"Shaded","section":"Shading Mode"},"sceneLighting":true,"audioPlay":false,"sceneViewState":{"showFog":true,"showMaterialUpdate":true,"showSkybox":true,"showFlares":true,"showImageEffects":true,"showParticleSystems":true},"in2DMode":false,"pivot":{"x":2.320065498352051,"y":0.13530778884887696,"z":-0.3537445068359375},"rotation":{"x":-0.16350583732128144,"y":-0.5264357328414917,"z":0.1039746105670929,"w":-0.8278435468673706},"size":4.880609512329102,"orthographic":true}